Date,Temperature,Precipitation
2020-01-01,3.7,0.0
2020-01-02,3.3,0.0
2020-01-03,6.1,0.0
2020-01-04,5.3,0.4
2020-01-05,1.7,0.0
2020-01-06,-0.9,1.7
2020-01-07,3.9,0.0
2020-01-08,5.5,0.0
2020-01-09,7.2,0.0
2020-01-10,1.8,0.0
2020-01-11,-2.5,0.0
2020-01-12,0.0,0.2
2020-01-13,5.6,0.0
2020-01-14,1.4,0.0
2020-01-15,3.4,8.7
2020-01-16,7.2,0.0
2020-01-17,6.4,0.0
2020-01-18,4.6,0.0
2020-01-19,4.6,0.0
2020-01-20,2.4,0.0
2020-01-21,3.0,0.0
2020-01-22,6.4,0.0
2020-01-23,2.7,0.0
2020-01-24,0.8,0.0
2020-01-25,4.6,0.0
2020-01-26,1.8,0.0
2020-01-27,5.8,0.0
2020-01-28,4.6,0.1
2020-01-29,3.0,2.7
2020-01-30,3.1,1.3
2020-01-31,1.5,0.1
2020-02-01,2.0,1.9
2020-02-02,5.5,3.5
2020-02-03,3.0,0.0
2020-02-04,-1.5,0.0
2020-02-05,-3.3,0.0
2020-02-06,-0.6,0.0
2020-02-07,-0.8,0.0
2020-02-08,-0.3,0.0
2020-02-09,2.7,0.3
2020-02-10,4.2,3.4
2020-02-11,5.9,0.5
2020-02-12,3.4,0.1
2020-02-13,2.9,2.4
2020-02-14,-0.6,0.0
2020-02-15,-1.4,0.7
2020-02-16,2.6,3.4
2020-02-17,7.2,0.2
2020-02-18,6.4,0.1
2020-02-19,6.3,0.0
2020-02-20,3.5,0.0
2020-02-21,0.5,4.1
2020-02-22,5.4,0.3
2020-02-23,6.4,1.0
2020-02-24,4.7,0.0
2020-02-25,0.7,0.0
2020-02-26,-0.2,0.0
2020-02-27,-0.2,0.0
2020-02-28,-1.5,0.5
2020-02-29,-1.4,0.2
2020-03-01,0.5,5.2
2020-03-02,2.3,4.2
2020-03-03,4.0,2.4
2020-03-04,3.3,4.3
2020-03-05,1.2,6.8
2020-03-06,0.6,0.0
2020-03-07,-1.2,0.0
2020-03-08,-1.0,0.0
2020-03-09,3.8,0.0
2020-03-10,6.8,0.2
2020-03-11,4.7,0.8
2020-03-12,4.8,0.0
2020-03-13,4.1,0.0
2020-03-14,1.0,0.0
2020-03-15,-1.4,0.0
2020-03-16,3.5,0.9
2020-03-17,2.2,0.0
2020-03-18,4.9,0.0
2020-03-19,6.1,1.2
2020-03-20,5.4,0.0
2020-03-21,0.9,0.0
2020-03-22,-0.3,0.0
2020-03-23,-1.4,0.0
2020-03-24,2.5,0.0
2020-03-25,4.4,0.0
2020-03-26,7.1,0.0
2020-03-27,7.0,0.0
2020-03-28,6.2,0.0
2020-03-29,4.6,0.0
2020-03-30,0.8,0.0
2020-03-31,-1.2,0.4
2020-04-01,2.4,0.0
2020-04-02,6.5,0.0
2020-04-03,3.4,3.2
2020-04-04,3.3,0.0
2020-04-05,2.2,0.0
2020-04-06,4.3,0.0
2020-04-07,9.3,0.0
2020-04-08,7.6,2.0
2020-04-09,9.2,0.0
2020-04-10,6.9,0.0
2020-04-11,6.0,0.0
2020-04-12,5.7,0.8
2020-04-13,8.4,0.4
2020-04-14,4.0,0.0
2020-04-15,5.2,1.1
2020-04-16,9.6,0.0
2020-04-17,8.4,0.0
2020-04-18,6.6,0.0
2020-04-19,5.7,0.0
2020-04-20,7.9,0.0
2020-04-21,10.6,0.0
2020-04-22,11.1,0.0
2020-04-23,11.7,0.0
2020-04-24,11.9,0.0
2020-04-25,7.8,0.0
2020-04-26,8.3,0.0
2020-04-27,6.3,0.0
2020-04-28,5.1,9.1
2020-04-29,2.6,0.1
2020-04-30,3.1,0.0
2020-05-01,3.9,0.1
2020-05-02,6.1,4.0
2020-05-03,9.2,0.0
2020-05-04,9.1,1.1
2020-05-05,5.3,1.4
2020-05-06,9.6,0.0
2020-05-07,9.9,0.1
2020-05-08,8.9,0.0
2020-05-09,10.6,0.0
2020-05-10,9.9,0.0
2020-05-11,7.0,12.7
2020-05-12,4.4,0.3
2020-05-13,4.8,2.3
2020-05-14,4.2,2.3
2020-05-15,5.0,0.0
2020-05-16,7.0,0.8
2020-05-17,6.5,0.2
2020-05-18,7.4,1.6
2020-05-19,7.0,2.8
2020-05-20,8.3,0.1
2020-05-21,8.1,0.0
2020-05-22,10.9,0.0
2020-05-23,12.8,0.0
2020-05-24,9.3,4.0
2020-05-25,12.6,0.0
2020-05-26,12.0,0.0
2020-05-27,15.5,0.0
2020-05-28,13.7,7.5
2020-05-29,12.0,0.0
2020-05-30,12.6,0.0
2020-05-31,13.4,0.0
2020-06-01,15.0,0.0
2020-06-02,19.4,0.0
2020-06-03,16.5,0.0
2020-06-04,13.5,0.0
2020-06-05,14.2,0.0
2020-06-06,15.2,12.1
2020-06-07,13.3,1.1
2020-06-08,14.6,0.0
2020-06-09,15.9,0.0
2020-06-10,14.9,0.3
2020-06-11,16.3,0.0
2020-06-12,17.4,0.0
2020-06-13,18.4,0.0
2020-06-14,18.6,0.0
2020-06-15,19.0,0.0
2020-06-16,18.9,0.0
2020-06-17,16.4,24.8
2020-06-18,14.0,5.7
2020-06-19,18.6,0.0
2020-06-20,21.3,0.0
2020-06-21,21.2,0.0
2020-06-22,19.7,0.0
2020-06-23,18.6,0.0
2020-06-24,20.3,0.0
2020-06-25,24.1,0.0
2020-06-26,25.3,0.0
2020-06-27,24.0,0.0
2020-06-28,24.6,0.0
2020-06-29,22.6,8.2
2020-06-30,20.1,0.1
2020-07-01,16.6,2.6
2020-07-02,16.3,1.3
2020-07-03,16.9,3.2
2020-07-04,15.4,2.8
2020-07-05,14.3,0.4
2020-07-06,13.9,28.3
2020-07-07,14.2,2.8
2020-07-08,15.2,0.0
2020-07-09,11.8,2.3
2020-07-10,15.6,0.0
2020-07-11,14.2,0.1
2020-07-12,14.6,0.6
2020-07-13,14.3,3.8
2020-07-14,14.8,0.0
2020-07-15,16.5,5.3
2020-07-16,16.7,0.0
2020-07-17,17.3,0.9
2020-07-18,20.9,0.0
2020-07-19,19.7,0.0
2020-07-20,21.5,0.0
2020-07-21,19.9,3.4
2020-07-22,14.0,2.4
2020-07-23,14.9,0.0
2020-07-24,14.5,0.0
2020-07-25,14.4,0.0
2020-07-26,16.2,0.0
2020-07-27,18.1,11.6
2020-07-28,18.6,0.0
2020-07-29,16.1,5.1
2020-07-30,15.5,0.2
2020-07-31,16.2,14.7
2020-08-01,17.1,0.1
2020-08-02,19.6,0.0
2020-08-03,19.8,0.0
2020-08-04,17.6,0.0
2020-08-05,16.6,0.0
2020-08-06,16.0,0.0
2020-08-07,19.5,0.0
2020-08-08,22.6,0.0
2020-08-09,23.3,0.0
2020-08-10,19.6,0.0
2020-08-11,17.1,0.0
2020-08-12,16.5,0.0
2020-08-13,20.4,0.0
2020-08-14,19.1,1.0
2020-08-15,21.7,0.0
2020-08-16,23.7,0.0
2020-08-17,21.7,0.0
2020-08-18,20.4,0.0
2020-08-19,21.7,0.0
2020-08-20,21.7,0.0
2020-08-21,20.7,0.0
2020-08-22,20.2,0.1
2020-08-23,20.8,0.4
2020-08-24,18.1,0.0
2020-08-25,16.2,0.4
2020-08-26,14.6,0.2
2020-08-27,14.1,0.0
2020-08-28,13.4,0.0
2020-08-29,13.0,1.7
2020-08-30,12.6,7.5
2020-08-31,13.9,6.1
2020-09-01,9.9,2.6
2020-09-02,14.8,0.0
2020-09-03,12.6,0.3
2020-09-04,16.6,2.9
2020-09-05,15.6,0.1
2020-09-06,14.9,0.5
2020-09-07,13.6,0.0
2020-09-08,12.8,2.7
2020-09-09,14.5,1.7
2020-09-10,13.0,3.6
2020-09-11,11.3,0.1
2020-09-12,11.9,0.0
2020-09-13,13.1,4.5
2020-09-14,13.3,0.1
2020-09-15,15.5,0.0
2020-09-16,14.3,1.1
2020-09-17,12.6,0.1
2020-09-18,10.0,0.0
2020-09-19,13.1,0.0
2020-09-20,9.6,0.0
2020-09-21,9.5,0.0
2020-09-22,14.1,0.0
2020-09-23,14.1,0.0
2020-09-24,14.8,0.0
2020-09-25,15.3,1.1
2020-09-26,13.0,5.0
2020-09-27,14.3,9.2
2020-09-28,12.1,0.0
2020-09-29,12.0,0.0
2020-09-30,12.8,2.6
2020-10-01,13.9,0.0
2020-10-02,12.1,0.0
2020-10-03,13.5,0.0
2020-10-04,13.0,0.0
2020-10-05,13.5,2.8
2020-10-06,13.9,0.0
2020-10-07,12.9,22.9
2020-10-08,13.4,1.0
2020-10-09,12.7,2.4
2020-10-10,10.7,6.2
2020-10-11,9.3,4.2
2020-10-12,8.1,1.5
2020-10-13,7.5,0.0
2020-10-14,6.7,0.0
2020-10-15,6.7,0.0
2020-10-16,6.0,0.9
2020-10-17,5.4,1.4
2020-10-18,7.1,0.0
2020-10-19,3.3,0.0
2020-10-20,2.1,0.0
2020-10-21,2.0,5.9
2020-10-22,8.7,6.8
2020-10-23,10.5,10.5
2020-10-24,2.1,0.1
2020-10-25,1.3,6.2
2020-10-26,8.8,12.2
2020-10-27,10.5,14.4
2020-10-28,9.2,0.6
2020-10-29,8.6,2.5
2020-10-30,7.3,0.0
2020-10-31,2.2,0.0
2020-11-01,5.8,1.6
2020-11-02,9.3,4.1
2020-11-03,13.1,3.6
2020-11-04,9.7,0.0
2020-11-05,6.3,0.0
2020-11-06,7.9,0.0
2020-11-07,9.9,0.0
2020-11-08,9.0,0.0
2020-11-09,6.3,0.2
2020-11-10,4.8,0.0
2020-11-11,4.4,0.3
2020-11-12,6.5,0.0
2020-11-13,6.0,0.3
2020-11-14,6.8,0.4
2020-11-15,7.5,0.1
2020-11-16,8.3,0.0
2020-11-17,10.3,0.1
2020-11-18,8.7,1.6
2020-11-19,11.2,1.4
2020-11-20,4.2,3.5
2020-11-21,0.8,0.0
2020-11-22,3.8,7.9
2020-11-23,5.8,0.0
2020-11-24,3.2,0.0
2020-11-25,3.8,2.1
2020-11-26,8.0,2.2
2020-11-27,4.5,0.0
2020-11-28,-0.4,0.0
2020-11-29,0.4,0.0
2020-11-30,-1.4,0.0
2020-12-01,-0.3,2.2
2020-12-02,1.2,0.3
2020-12-03,1.8,0.1
2020-12-04,2.9,1.0
2020-12-05,2.9,6.0
2020-12-06,5.6,0.0
2020-12-07,7.2,0.0
2020-12-08,4.9,0.0
2020-12-09,2.8,0.0
2020-12-10,2.2,0.0
2020-12-11,2.3,0.0
2020-12-12,1.9,1.1
2020-12-13,4.3,1.2
2020-12-14,2.8,0.0
2020-12-15,1.2,1.4
2020-12-16,5.5,2.3
2020-12-17,4.8,0.0
2020-12-18,3.5,6.7
2020-12-19,4.4,0.5
2020-12-20,6.2,0.3
2020-12-21,5.8,0.8
2020-12-22,6.0,0.0
2020-12-23,4.5,4.1
2020-12-24,2.9,0.0
2020-12-25,-1.2,1.2
2020-12-26,-1.0,5.1
2020-12-27,-3.4,4.2
2020-12-28,3.4,0.5
2020-12-29,3.7,5.6
2020-12-30,3.8,1.3
2020-12-31,1.3,3.2
2021-01-01,2.2,0.1
2021-01-02,1.0,2.1
2021-01-03,1.2,0.1
2021-01-04,-0.7,0.0
2021-01-05,-0.1,0.7
2021-01-06,-0.8,0.0
2021-01-07,-1.8,0.0
2021-01-08,-0.5,0.1
2021-01-09,0.1,0.0
2021-01-10,-1.9,0.0
2021-01-11,-1.1,2.7
2021-01-12,-1.5,19.3
2021-01-13,-3.0,0.1
2021-01-14,-2.4,0.7
2021-01-15,-5.3,0.4
2021-01-16,-9.8,0.0
2021-01-17,-3.8,0.0
2021-01-18,-2.7,0.0
2021-01-19,-1.4,0.0
2021-01-20,-1.2,0.5
2021-01-21,0.3,5.6
2021-01-22,2.9,2.1
2021-01-23,2.6,3.9
2021-01-24,3.4,0.0
2021-01-25,-0.7,0.0
2021-01-26,-0.9,4.1
2021-01-27,-3.2,0.0
2021-01-28,-6.6,0.0
2021-01-29,-4.2,4.0
2021-01-30,-5.2,0.0
2021-01-31,-10.8,0.0
2021-02-01,-10.6,0.0
2021-02-02,-9.0,0.1
2021-02-03,-5.8,1.6
2021-02-04,-7.4,0.1
2021-02-05,-9.1,0.2
2021-02-06,-8.0,0.2
2021-02-07,-8.3,0.1
2021-02-08,-8.8,0.0
2021-02-09,-7.3,0.1
2021-02-10,-11.7,0.0
2021-02-11,-10.5,1.6
2021-02-12,-10.6,0.1
2021-02-13,-5.9,0.0
2021-02-14,-5.2,0.0
2021-02-15,-2.1,0.0
2021-02-16,-6.6,0.0
2021-02-17,-5.6,0.0
2021-02-18,-4.5,0.0
2021-02-19,-4.0,0.0
2021-02-20,0.6,0.0
2021-02-21,2.8,2.4
2021-02-22,4.6,0.1
2021-02-23,2.5,0.0
2021-02-24,3.2,0.2
2021-02-25,6.0,0.0
2021-02-26,8.8,0.0
2021-02-27,6.4,0.0
2021-02-28,3.5,0.0
2021-03-01,6.8,0.0
2021-03-02,4.8,0.0
2021-03-03,3.8,0.0
2021-03-04,3.4,0.0
2021-03-05,-0.5,0.0
2021-03-06,-2.1,0.0
2021-03-07,2.9,0.4
2021-03-08,0.2,0.0
2021-03-09,-1.1,0.0
2021-03-10,-1.3,0.0
2021-03-11,-5.1,0.0
2021-03-12,-0.5,5.0
2021-03-13,1.6,0.5
2021-03-14,3.4,0.0
2021-03-15,2.8,0.0
2021-03-16,3.3,0.0
2021-03-17,1.8,0.0
2021-03-18,-0.1,0.0
2021-03-19,-0.4,0.1
2021-03-20,-1.9,0.0
2021-03-21,3.7,0.0
2021-03-22,3.9,0.0
2021-03-23,5.9,0.0
2021-03-24,8.3,0.0
2021-03-25,7.9,0.0
2021-03-26,6.7,0.0
2021-03-27,7.6,0.0
2021-03-28,8.4,0.0
2021-03-29,5.0,1.4
2021-03-30,8.5,0.6
2021-03-31,11.2,0.1
2021-04-01,5.7,1.2
2021-04-02,4.7,0.0
2021-04-03,5.2,0.1
2021-04-04,4.8,0.0
2021-04-05,7.2,2.2
2021-04-06,1.6,1.2
2021-04-07,4.2,1.2
2021-04-08,4.4,0.0
2021-04-09,3.2,0.8
2021-04-10,3.7,4.4
2021-04-11,4.9,0.0
2021-04-12,3.4,10.8
2021-04-13,3.1,0.0
2021-04-14,3.6,0.6
2021-04-15,3.4,0.0
2021-04-16,4.3,0.0
2021-04-17,5.9,0.0
2021-04-18,7.9,0.0
2021-04-19,9.0,0.0
2021-04-20,8.9,0.0
2021-04-21,9.6,0.0
2021-04-22,8.9,1.5
2021-04-23,1.6,9.5
2021-04-24,4.7,0.0
2021-04-25,3.1,0.1
2021-04-26,2.2,0.0
2021-04-27,2.9,0.0
2021-04-28,4.8,0.0
2021-04-29,5.1,0.0
2021-04-30,5.4,0.0
2021-05-01,5.3,0.0
2021-05-02,4.9,0.0
2021-05-03,6.7,0.0
2021-05-04,6.8,0.0
2021-05-05,6.9,0.2
2021-05-06,3.2,9.5
2021-05-07,2.9,0.0
2021-05-08,4.0,0.1
2021-05-09,7.5,0.3
2021-05-10,7.0,4.8
2021-05-11,12.4,0.1
2021-05-12,16.4,0.0
2021-05-13,16.8,0.0
2021-05-14,19.1,0.0
2021-05-15,14.3,2.6
2021-05-16,9.8,1.0
2021-05-17,11.6,7.5
2021-05-18,10.9,0.4
2021-05-19,12.4,0.0
2021-05-20,13.3,0.0
2021-05-21,12.5,0.0
2021-05-22,10.7,4.0
2021-05-23,11.3,5.2
2021-05-24,8.1,2.1
2021-05-25,9.0,0.4
2021-05-26,12.0,3.6
2021-05-27,8.8,30.6
2021-05-28,6.1,4.7
2021-05-29,11.9,0.0
2021-05-30,13.2,0.0
2021-05-31,14.9,0.0
2021-06-01,15.6,0.0
2021-06-02,13.4,0.0
2021-06-03,15.7,0.0
2021-06-04,16.6,0.0
2021-06-05,16.9,0.0
2021-06-06,19.1,0.0
2021-06-07,19.8,0.0
2021-06-08,19.7,3.9
2021-06-09,16.2,10.7
2021-06-10,18.1,0.2
2021-06-11,19.1,0.0
2021-06-12,20.5,11.1
2021-06-13,15.1,7.4
2021-06-14,15.8,0.0
2021-06-15,16.7,0.6
2021-06-16,16.8,0.0
2021-06-17,16.8,0.0
2021-06-18,20.9,0.0
2021-06-19,23.7,0.0
2021-06-20,20.7,0.0
2021-06-21,21.2,3.3
2021-06-22,22.6,0.0
2021-06-23,17.8,1.7
2021-06-24,16.5,0.5
2021-06-25,18.7,0.5
2021-06-26,18.6,3.1
2021-06-27,18.6,0.0
2021-06-28,18.9,2.1
2021-06-29,19.3,0.0
2021-06-30,21.7,0.4
2021-07-01,16.5,0.0
2021-07-02,18.5,0.0
2021-07-03,19.7,0.0
2021-07-04,20.9,0.0
2021-07-05,21.5,0.0
2021-07-06,22.1,3.6
2021-07-07,22.2,0.6
2021-07-08,20.0,2.0
2021-07-09,20.8,0.0
2021-07-10,21.9,2.0
2021-07-11,21.5,0.0
2021-07-12,21.2,0.0
2021-07-13,20.8,0.0
2021-07-14,22.2,0.0
2021-07-15,25.2,0.0
2021-07-16,25.9,0.0
2021-07-17,21.7,0.0
2021-07-18,22.8,0.0
2021-07-19,20.3,0.0
2021-07-20,17.1,0.0
2021-07-21,18.6,0.0
2021-07-22,17.0,0.0
2021-07-23,21.0,0.0
2021-07-24,17.4,0.0
2021-07-25,19.5,0.0
2021-07-26,22.5,0.0
2021-07-27,21.9,0.0
2021-07-28,24.0,4.1
2021-07-29,19.9,0.5
2021-07-30,18.1,2.1
2021-07-31,16.5,2.9
2021-08-01,17.6,1.5
2021-08-02,18.3,0.1
2021-08-03,14.7,0.0
2021-08-04,15.3,0.0
2021-08-05,16.9,0.0
2021-08-06,17.4,0.0
2021-08-07,17.3,0.0
2021-08-08,15.2,23.8
2021-08-09,16.7,0.2
2021-08-10,17.4,0.0
2021-08-11,18.3,0.0
2021-08-12,17.7,9.6
2021-08-13,17.9,11.5
2021-08-14,18.5,1.1
2021-08-15,16.2,2.7
2021-08-16,14.5,1.1
2021-08-17,14.5,3.0
2021-08-18,14.2,26.2
2021-08-19,13.3,9.3
2021-08-20,13.5,0.8
2021-08-21,15.2,0.3
2021-08-22,13.5,0.0
2021-08-23,12.8,0.0
2021-08-24,12.7,0.0
2021-08-25,13.1,5.0
2021-08-26,12.6,9.5
2021-08-27,12.4,10.6
2021-08-28,13.1,1.1
2021-08-29,14.3,0.1
2021-08-30,14.9,0.1
2021-08-31,14.6,0.0
2021-09-01,13.0,0.0
2021-09-02,13.5,0.4
2021-09-03,13.6,0.0
2021-09-04,12.3,0.0
2021-09-05,9.7,0.0
2021-09-06,10.0,0.0
2021-09-07,13.2,0.0
2021-09-08,14.7,0.0
2021-09-09,18.3,0.0
2021-09-10,17.4,0.0
2021-09-11,14.4,0.0
2021-09-12,15.5,2.8
2021-09-13,15.8,4.3
2021-09-14,10.8,0.0
2021-09-15,10.2,0.1
2021-09-16,10.8,0.1
2021-09-17,8.5,0.0
2021-09-18,9.3,0.1
2021-09-19,9.8,0.0
2021-09-20,9.8,0.0
2021-09-21,8.6,0.0
2021-09-22,7.7,1.1
2021-09-23,10.8,0.4
2021-09-24,11.2,11.1
2021-09-25,9.0,0.5
2021-09-26,11.9,0.0
2021-09-27,10.6,0.1
2021-09-28,11.8,0.0
2021-09-29,12.1,0.0
2021-09-30,11.4,0.0
2021-10-01,10.4,1.8
2021-10-02,12.1,0.3
2021-10-03,12.8,0.0
2021-10-04,13.2,5.6
2021-10-05,13.4,0.6
2021-10-06,11.6,10.6
2021-10-07,13.0,2.4
2021-10-08,12.5,0.1
2021-10-09,12.5,0.0
2021-10-10,12.6,0.0
2021-10-11,11.3,2.8
2021-10-12,8.2,6.0
2021-10-13,6.6,0.1
2021-10-14,3.5,0.4
2021-10-15,7.8,2.1
2021-10-16,7.6,1.7
2021-10-17,5.8,0.0
2021-10-18,3.6,0.0
2021-10-19,2.4,0.0
2021-10-20,3.2,4.2
2021-10-21,12.2,0.3
2021-10-22,8.9,1.9
2021-10-23,4.7,0.0
2021-10-24,1.4,0.0
2021-10-25,7.0,0.6
2021-10-26,7.1,0.0
2021-10-27,8.9,0.1
2021-10-28,8.6,6.5
2021-10-29,11.5,1.8
2021-10-30,9.1,0.0
2021-10-31,7.6,0.1
2021-11-01,8.5,0.6
2021-11-02,9.8,0.1
2021-11-03,8.3,2.6
2021-11-04,7.5,5.7
2021-11-05,6.3,0.0
2021-11-06,5.2,0.0
2021-11-07,2.8,1.3
2021-11-08,3.3,5.0
2021-11-09,-0.3,0.4
2021-11-10,2.2,6.1
2021-11-11,9.5,0.3
2021-11-12,5.4,0.0
2021-11-13,2.2,0.1
2021-11-14,2.0,0.0
2021-11-15,2.9,0.0
2021-11-16,4.5,0.0
2021-11-17,5.5,0.0
2021-11-18,4.4,0.8
2021-11-19,1.8,0.0
2021-11-20,6.0,0.0
2021-11-21,4.0,0.0
2021-11-22,-0.9,0.3
2021-11-23,-2.1,0.1
2021-11-24,0.3,0.0
2021-11-25,2.7,0.1
2021-11-26,2.5,0.0
2021-11-27,-5.8,0.0
2021-11-28,-5.3,0.0
2021-11-29,-4.3,0.0
2021-11-30,-6.5,0.0
2021-12-01,-8.4,0.0
2021-12-02,-10.4,0.0
2021-12-03,-6.0,0.3
2021-12-04,-8.5,0.4
2021-12-05,-8.3,0.0
2021-12-06,-6.9,0.0
2021-12-07,-14.9,0.0
2021-12-08,-15.9,0.0
2021-12-09,-5.9,0.0
2021-12-10,-2.2,0.5
2021-12-11,1.3,4.7
2021-12-12,1.0,1.0
2021-12-13,-0.4,0.0
2021-12-14,0.2,0.6
2021-12-15,1.9,0.0
2021-12-16,5.0,0.0
2021-12-17,3.4,0.0
2021-12-18,2.8,0.6
2021-12-19,7.1,0.0
2021-12-20,3.2,0.3
2021-12-21,-3.2,1.1
2021-12-22,-7.4,0.0
2021-12-23,-8.6,0.0
2021-12-24,-3.4,2.6
2021-12-25,-9.5,0.0
2021-12-26,-7.3,0.0
2021-12-27,-7.0,0.0
2021-12-28,-7.2,0.0
2021-12-29,-2.0,5.6
2021-12-30,-0.6,0.0
2021-12-31,1.6,0.5
2022-01-01,1.5,0.1
2022-01-02,-1.8,5.3
2022-01-03,1.8,0.0
2022-01-04,3.4,3.1
2022-01-05,0.7,0.4
2022-01-06,-2.6,1.7
2022-01-07,-7.2,0.0
2022-01-08,-9.5,2.4
2022-01-09,-1.0,1.5
2022-01-10,-0.5,0.0
2022-01-11,-2.0,0.0
2022-01-12,-1.5,0.5
2022-01-13,1.9,0.0
2022-01-14,5.9,1.1
2022-01-15,3.3,0.0
2022-01-16,0.0,0.0
2022-01-17,2.4,0.0
2022-01-18,0.9,0.0
2022-01-19,0.1,0.0
2022-01-20,4.2,10.7
2022-01-21,-1.7,0.2
2022-01-22,-3.2,0.0
2022-01-23,-5.3,0.0
2022-01-24,-1.0,0.0
2022-01-25,2.8,0.0
2022-01-26,-1.6,0.0
2022-01-27,0.8,0.0
2022-01-28,1.1,1.5
2022-01-29,0.0,0.0
2022-01-30,2.3,14.8
2022-01-31,-0.5,0.2
2022-02-01,-3.4,0.0
2022-02-02,-5.8,0.0
2022-02-03,-6.2,0.4
2022-02-04,-5.8,0.2
2022-02-05,1.8,3.3
2022-02-06,1.0,1.6
2022-02-07,1.9,0.0
2022-02-08,-1.1,0.3
2022-02-09,1.8,1.1
2022-02-10,2.9,0.0
2022-02-11,2.2,0.0
2022-02-12,-1.7,0.0
2022-02-13,1.6,0.2
2022-02-14,2.6,1.5
2022-02-15,1.4,9.4
2022-02-16,3.4,0.2
2022-02-17,2.2,3.3
2022-02-18,0.2,0.0
2022-02-19,-0.2,0.0
2022-02-20,-0.6,0.0
2022-02-21,-2.8,1.5
2022-02-22,-0.4,20.4
2022-02-23,-5.7,1.0
2022-02-24,-3.2,0.0
2022-02-25,3.6,0.0
2022-02-26,1.6,0.0
2022-02-27,-0.3,0.0
2022-02-28,3.0,0.0
2022-03-01,0.3,0.0
2022-03-02,1.7,0.0
2022-03-03,1.9,0.0
2022-03-04,1.0,0.0
2022-03-05,-2.0,0.0
2022-03-06,-0.5,0.0
2022-03-07,2.0,0.0
2022-03-08,2.8,0.0
2022-03-09,1.9,0.0
2022-03-10,1.1,0.0
2022-03-11,1.9,0.0
2022-03-12,1.6,0.0
2022-03-13,1.3,0.0
2022-03-14,2.1,0.0
2022-03-15,4.4,0.0
2022-03-16,2.9,0.0
2022-03-17,1.7,0.0
2022-03-18,2.8,0.0
2022-03-19,4.9,0.0
2022-03-20,4.9,0.0
2022-03-21,5.2,0.0
2022-03-22,5.7,0.0
2022-03-23,5.0,0.0
2022-03-24,5.4,0.0
2022-03-25,7.6,0.0
2022-03-26,8.4,0.0
2022-03-27,4.5,0.0
2022-03-28,3.9,0.0
2022-03-29,6.8,0.0
2022-03-30,-2.2,0.3
2022-03-31,-2.1,0.0
2022-04-01,-1.0,0.2
2022-04-02,-1.8,0.1
2022-04-03,-0.8,0.0
2022-04-04,2.6,1.5
2022-04-05,0.8,13.6
2022-04-06,-1.8,1.6
2022-04-07,0.1,0.0
2022-04-08,0.6,10.8
2022-04-09,0.2,6.7
2022-04-10,-0.8,0.3
2022-04-11,3.7,0.0
2022-04-12,5.2,0.0
2022-04-13,5.3,0.0
2022-04-14,5.4,0.0
2022-04-15,4.8,0.1
2022-04-16,5.0,0.0
2022-04-17,7.2,0.0
2022-04-18,11.3,0.0
2022-04-19,11.9,0.0
2022-04-20,10.1,0.0
2022-04-21,10.3,0.0
2022-04-22,10.1,0.0
2022-04-23,8.3,0.0
2022-04-24,7.0,0.0
2022-04-25,6.0,0.0
2022-04-26,8.3,0.0
2022-04-27,6.3,0.0
2022-04-28,3.6,0.0
2022-04-29,6.8,0.0
2022-04-30,6.1,0.0
2022-05-01,8.1,0.0
2022-05-02,10.0,0.0
2022-05-03,10.9,0.0
2022-05-04,7.3,0.0
2022-05-05,6.5,0.0
2022-05-06,12.2,0.0
2022-05-07,13.5,0.2
2022-05-08,9.7,2.6
2022-05-09,8.0,0.0
2022-05-10,11.3,0.0
2022-05-11,12.2,3.6
2022-05-12,11.6,2.2
2022-05-13,12.3,0.9
2022-05-14,12.1,0.0
2022-05-15,12.0,1.6
2022-05-16,11.4,0.0
2022-05-17,9.2,0.0
2022-05-18,8.1,0.0
2022-05-19,14.1,0.0
2022-05-20,16.0,0.7
2022-05-21,12.1,0.0
2022-05-22,10.9,0.0
2022-05-23,11.3,0.0
2022-05-24,13.3,0.0
2022-05-25,13.6,0.3
2022-05-26,14.8,0.0
2022-05-27,12.0,0.0
2022-05-28,11.7,2.6
2022-05-29,9.4,6.6
2022-05-30,10.9,0.0
2022-05-31,10.9,0.0
2022-06-01,11.0,0.1
2022-06-02,14.2,12.8
2022-06-03,10.6,8.1
2022-06-04,13.9,1.7
2022-06-05,16.2,0.0
2022-06-06,16.3,0.0
2022-06-07,15.5,0.0
2022-06-08,15.1,2.1
2022-06-09,16.3,0.0
2022-06-10,17.4,0.0
2022-06-11,17.4,5.8
2022-06-12,17.2,0.0
2022-06-13,16.9,0.0
2022-06-14,15.9,0.1
2022-06-15,16.0,0.0
2022-06-16,16.3,2.5
2022-06-17,16.6,4.1
2022-06-18,17.7,5.7
2022-06-19,16.6,0.6
2022-06-20,15.5,0.6
2022-06-21,15.7,0.5
2022-06-22,17.6,2.1
2022-06-23,17.3,0.3
2022-06-24,19.7,0.0
2022-06-25,21.4,0.0
2022-06-26,22.9,0.0
2022-06-27,23.9,0.0
2022-06-28,25.1,0.0
2022-06-29,25.1,1.0
2022-06-30,20.3,0.3
2022-07-01,23.4,2.9
2022-07-02,21.9,8.4
2022-07-03,20.6,0.0
2022-07-04,19.4,0.0
2022-07-05,16.7,28.9
2022-07-06,16.0,2.0
2022-07-07,16.5,0.4
2022-07-08,15.6,2.4
2022-07-09,16.8,2.4
2022-07-10,17.5,0.1
2022-07-11,14.9,0.0
2022-07-12,17.0,0.0
2022-07-13,19.6,0.0
2022-07-14,19.9,3.5
2022-07-15,14.5,2.8
2022-07-16,13.2,0.6
2022-07-17,13.0,0.0
2022-07-18,16.5,0.0
2022-07-19,17.8,0.0
2022-07-20,18.5,0.0
2022-07-21,22.2,0.0
2022-07-22,25.5,0.0
2022-07-23,17.6,1.6
2022-07-24,15.0,0.1
2022-07-25,18.6,0.0
2022-07-26,19.1,14.1
2022-07-27,18.5,1.2
2022-07-28,16.6,0.0
2022-07-29,15.0,0.0
2022-07-30,15.5,0.1
2022-07-31,18.9,0.0
2022-08-01,20.2,0.0
2022-08-02,20.0,0.1
2022-08-03,17.3,0.1
2022-08-04,19.4,0.8
2022-08-05,22.7,2.3
2022-08-06,19.2,39.1
2022-08-07,15.3,1.8
2022-08-08,15.5,1.2
2022-08-09,17.0,0.0
2022-08-10,18.0,0.0
2022-08-11,19.9,0.0
2022-08-12,22.1,0.0
2022-08-13,20.4,0.0
2022-08-14,21.3,0.0
2022-08-15,22.5,0.0
2022-08-16,21.1,0.0
2022-08-17,24.2,0.0
2022-08-18,22.3,0.6
2022-08-19,19.6,0.3
2022-08-20,23.4,1.1
2022-08-21,20.9,15.2
2022-08-22,17.7,0.0
2022-08-23,18.1,0.0
2022-08-24,16.5,0.0
2022-08-25,16.7,0.0
2022-08-26,17.6,0.1
2022-08-27,17.3,0.5
2022-08-28,19.4,35.3
2022-08-29,13.1,33.1
2022-08-30,13.0,0.2
2022-08-31,12.7,1.6
2022-09-01,12.1,0.4
2022-09-02,10.7,1.9
2022-09-03,10.4,1.1
2022-09-04,10.1,0.1
2022-09-05,10.9,0.9
2022-09-06,10.0,0.0
2022-09-07,14.3,0.0
2022-09-08,10.9,0.1
2022-09-09,10.8,0.0
2022-09-10,11.8,0.0
2022-09-11,11.3,0.0
2022-09-12,13.1,0.0
2022-09-13,13.2,0.0
2022-09-14,13.1,33.3
2022-09-15,11.0,3.2
2022-09-16,10.4,1.3
2022-09-17,11.0,0.6
2022-09-18,11.1,3.7
2022-09-19,9.6,0.2
2022-09-20,10.5,1.5
2022-09-21,8.7,0.0
2022-09-22,7.7,0.0
2022-09-23,9.5,0.0
2022-09-24,12.4,0.3
2022-09-25,12.0,0.0
2022-09-26,12.2,0.3
2022-09-27,10.7,2.9
2022-09-28,11.6,0.2
2022-09-29,11.9,2.7
2022-09-30,8.6,0.0
2022-10-01,8.2,0.0
2022-10-02,10.8,9.1
2022-10-03,10.6,3.2
2022-10-04,9.3,0.8
2022-10-05,9.6,0.7
2022-10-06,13.8,1.1
2022-10-07,13.2,0.0
2022-10-08,13.1,0.9
2022-10-09,10.8,0.0
2022-10-10,7.7,0.0
2022-10-11,10.6,3.0
2022-10-12,8.8,0.0
2022-10-13,4.9,0.0
2022-10-14,10.0,0.0
2022-10-15,9.9,0.1
2022-10-16,11.5,2.0
2022-10-17,11.0,2.5
2022-10-18,9.8,6.2
2022-10-19,7.2,0.0
2022-10-20,4.3,0.0
2022-10-21,4.5,0.0
2022-10-22,5.1,0.0
2022-10-23,6.1,0.3
2022-10-24,4.4,0.0
2022-10-25,7.6,7.0
2022-10-26,11.0,2.1
2022-10-27,8.0,0.1
2022-10-28,11.3,0.0
2022-10-29,12.1,2.6
2022-10-30,12.7,0.0
2022-10-31,5.2,0.0
2022-11-01,8.8,0.2
2022-11-02,8.1,0.3
2022-11-03,10.6,2.4
2022-11-04,8.6,0.1
2022-11-05,7.5,0.1
2022-11-06,7.9,3.1
2022-11-07,8.1,2.8
2022-11-08,8.6,6.0
2022-11-09,6.9,2.5
2022-11-10,9.7,0.1
2022-11-11,8.9,0.2
2022-11-12,13.3,0.0
2022-11-13,12.2,0.0
2022-11-14,3.2,0.0
2022-11-15,5.4,0.6
2022-11-16,5.6,0.0
2022-11-17,3.6,0.0
2022-11-18,1.2,0.2
2022-11-19,0.8,0.0
2022-11-20,0.2,1.4
2022-11-21,-0.2,4.3
2022-11-22,-1.1,3.3
2022-11-23,0.4,0.0
2022-11-24,0.6,0.9
2022-11-25,1.1,0.1
2022-11-26,0.8,0.8
2022-11-27,1.5,0.0
2022-11-28,0.8,0.7
2022-11-29,2.1,0.6
2022-11-30,2.3,5.4
2022-12-01,0.8,0.0
2022-12-02,1.0,0.0
2022-12-03,1.1,0.1
2022-12-04,0.1,0.0
2022-12-05,-2.1,0.0
2022-12-06,-2.4,0.0
2022-12-07,-5.6,0.0
2022-12-08,-8.0,0.0
2022-12-09,-10.2,0.0
2022-12-10,-7.0,0.0
2022-12-11,-4.7,1.3
2022-12-12,-7.8,0.1
2022-12-13,-4.6,1.5
2022-12-14,-9.4,0.0
2022-12-15,-10.2,0.6
2022-12-16,-13.5,0.0
2022-12-17,-16.1,0.0
2022-12-18,-5.3,0.5
2022-12-19,0.7,0.0
2022-12-20,-0.6,2.8
2022-12-21,2.4,2.8
2022-12-22,3.9,0.2
2022-12-23,3.5,5.6
2022-12-24,-4.0,0.3
2022-12-25,-9.4,0.0
2022-12-26,-6.2,1.9
2022-12-27,1.2,3.9
2022-12-28,0.1,0.1
2022-12-29,-4.4,0.0
2022-12-30,2.6,5.0
2022-12-31,4.2,4.3
2023-01-01,5.3,0.0
2023-01-02,-2.0,0.4
2023-01-03,0.9,4.3
2023-01-04,-3.2,0.0
2023-01-05,-4.6,1.2
2023-01-06,-4.5,0.0
2023-01-07,-6.2,1.3
2023-01-08,-0.7,4.5
2023-01-09,2.9,8.2
2023-01-10,3.4,7.7
2023-01-11,1.7,0.4
2023-01-12,4.5,6.0
2023-01-13,3.6,0.2
2023-01-14,3.1,8.4
2023-01-15,2.6,8.8
2023-01-16,2.9,4.3
2023-01-17,1.8,0.0
2023-01-18,1.7,3.1
2023-01-19,1.8,0.0
2023-01-20,-0.7,0.0
2023-01-21,-1.0,1.3
2023-01-22,-3.5,0.0
2023-01-23,-6.4,0.0
2023-01-24,-5.0,0.0
2023-01-25,1.1,0.0
2023-01-26,5.1,0.7
2023-01-27,1.6,0.0
2023-01-28,-3.0,0.0
2023-01-29,0.4,0.0
2023-01-30,2.2,0.0
2023-01-31,4.0,0.2
2023-02-01,0.0,0.0
2023-02-02,-2.0,0.3
2023-02-03,-4.2,0.0
2023-02-04,-5.6,0.0
2023-02-05,-5.6,0.0
2023-02-06,-3.0,1.3
2023-02-07,-2.9,0.0
2023-02-08,2.2,0.0
2023-02-09,3.8,0.0
2023-02-10,2.6,0.0
2023-02-11,1.2,4.2
2023-02-12,-2.0,0.0
2023-02-13,-0.4,0.0
2023-02-14,3.7,0.0
2023-02-15,2.7,0.0
2023-02-16,1.9,0.0
2023-02-17,2.4,0.0
2023-02-18,3.2,4.6
2023-02-19,2.0,0.0
2023-02-20,-0.1,0.0
2023-02-21,-0.6,5.5
2023-02-22,-1.9,2.2
2023-02-23,-2.6,0.9
2023-02-24,-0.9,3.8
2023-02-25,-2.2,0.3
2023-02-26,-2.6,0.1
2023-02-27,-3.0,0.0
2023-02-28,3.0,0.0
2023-03-01,4.3,0.0
2023-03-02,3.7,0.0
2023-03-03,3.9,0.0
2023-03-04,2.5,0.4
2023-03-05,-0.8,0.0
2023-03-06,-2.5,0.6
2023-03-07,-3.9,0.0
2023-03-08,-5.5,1.6
2023-03-09,-3.1,4.0
2023-03-10,-6.0,3.6
2023-03-11,-6.7,1.1
2023-03-12,-5.4,0.0
2023-03-13,-5.0,0.0
2023-03-14,-3.1,7.3
2023-03-15,2.1,2.0
2023-03-16,-0.2,0.0
2023-03-17,-1.2,0.0
2023-03-18,1.4,0.8
2023-03-19,3.3,0.7
2023-03-20,3.6,0.0
2023-03-21,2.9,3.1
2023-03-22,2.1,0.9
2023-03-23,5.7,1.7
2023-03-24,6.9,0.0
2023-03-25,5.9,13.3
2023-03-26,-1.1,9.4
2023-03-27,-2.1,0.1
2023-03-28,-3.9,6.8
2023-03-29,-3.5,3.5
2023-03-30,-5.2,0.1
2023-03-31,-5.4,0.0
2023-04-01,-1.2,0.0
2023-04-02,-1.6,0.0
2023-04-03,-1.8,0.0
2023-04-04,-0.8,0.0
2023-04-05,-0.2,0.0
2023-04-06,-1.3,2.0
2023-04-07,0.6,0.0
2023-04-08,3.0,0.0
2023-04-09,4.4,0.0
2023-04-10,5.1,0.0
2023-04-11,4.7,0.0
2023-04-12,6.7,0.1
2023-04-13,9.6,0.0
2023-04-14,7.1,0.4
2023-04-15,4.2,0.1
2023-04-16,6.9,0.0
2023-04-17,5.5,0.0
2023-04-18,6.3,0.0
2023-04-19,7.6,0.0
2023-04-20,7.9,0.0
2023-04-21,10.3,0.0
2023-04-22,11.8,0.0
2023-04-23,12.8,0.0
2023-04-24,8.8,2.4
2023-04-25,3.2,5.3
2023-04-26,4.4,3.1
2023-04-27,5.4,0.3
2023-04-28,5.5,0.2
2023-04-29,4.6,1.2
2023-04-30,5.6,2.4
2023-05-01,7.3,0.0
2023-05-02,5.2,12.2
2023-05-03,6.7,0.1
2023-05-04,6.5,0.9
2023-05-05,3.7,0.0
2023-05-06,3.9,0.0
2023-05-07,5.2,0.0
2023-05-08,6.7,0.0
2023-05-09,11.3,0.0
2023-05-10,12.2,0.0
2023-05-11,13.6,0.0
2023-05-12,14.1,0.0
2023-05-13,16.0,0.0
2023-05-14,15.8,0.0
2023-05-15,16.7,0.0
2023-05-16,16.3,0.0
2023-05-17,12.2,9.0
2023-05-18,7.1,12.0
2023-05-19,10.1,0.0
2023-05-20,13.7,0.0
2023-05-21,14.0,0.0
2023-05-22,15.1,0.0
2023-05-23,17.2,0.6
2023-05-24,17.1,0.0
2023-05-25,17.4,0.0
2023-05-26,15.5,0.0
2023-05-27,12.9,0.0
2023-05-28,13.6,0.0
2023-05-29,13.6,1.0
2023-05-30,12.0,0.0
2023-05-31,14.1,0.0
2023-06-01,15.9,0.0
2023-06-02,11.4,0.0
2023-06-03,10.4,0.0
2023-06-04,13.2,1.0
2023-06-05,12.9,0.0
2023-06-06,16.4,0.0
2023-06-07,15.7,0.0
2023-06-08,15.3,0.0
2023-06-09,14.5,0.0
2023-06-10,12.6,0.0
2023-06-11,13.9,0.0
2023-06-12,15.7,0.0
2023-06-13,17.8,0.0
2023-06-14,20.3,0.0
2023-06-15,22.1,0.0
2023-06-16,21.3,0.0
2023-06-17,21.3,0.0
2023-06-18,20.8,0.0
2023-06-19,18.6,0.8
2023-06-20,18.6,0.1
2023-06-21,21.7,0.0
2023-06-22,22.0,0.0
2023-06-23,22.7,0.0
2023-06-24,20.7,0.0
2023-06-25,19.7,0.0
2023-06-26,20.2,0.0
2023-06-27,20.4,0.0
2023-06-28,20.0,0.0
2023-06-29,21.1,0.0
2023-06-30,23.3,0.2
2023-07-01,19.7,3.0
2023-07-02,18.6,0.0
2023-07-03,14.6,40.4
2023-07-04,13.5,12.2
2023-07-05,15.6,0.2
2023-07-06,18.1,9.5
2023-07-07,16.0,1.0
2023-07-08,16.7,5.5
2023-07-09,18.2,0.4
2023-07-10,19.6,0.0
2023-07-11,19.3,0.0
2023-07-12,18.6,0.0
2023-07-13,18.3,1.4
2023-07-14,18.1,0.1
2023-07-15,18.7,0.0
2023-07-16,18.4,0.8
2023-07-17,18.1,8.3
2023-07-18,17.3,2.3
2023-07-19,16.5,2.4
2023-07-20,16.2,0.3
2023-07-21,16.5,0.1
2023-07-22,16.4,0.1
2023-07-23,16.3,0.0
2023-07-24,16.5,0.0
2023-07-25,17.2,3.6
2023-07-26,18.3,1.1
2023-07-27,16.9,0.0
2023-07-28,15.8,0.0
2023-07-29,15.5,1.6
2023-07-30,18.6,0.5
2023-07-31,17.5,6.5
2023-08-01,15.6,9.3
2023-08-02,17.0,16.6
2023-08-03,18.2,1.1
2023-08-04,15.7,11.3
2023-08-05,17.7,15.6
2023-08-06,17.8,1.9
2023-08-07,15.3,28.9
2023-08-08,20.6,3.0
2023-08-09,15.2,10.0
2023-08-10,13.8,8.9
2023-08-11,13.6,7.9
2023-08-12,15.4,0.0
2023-08-13,15.3,6.1
2023-08-14,16.5,0.9
2023-08-15,18.5,0.0
2023-08-16,19.2,11.2
2023-08-17,19.4,0.0
2023-08-18,17.6,0.1
2023-08-19,17.1,0.0
2023-08-20,17.2,0.0
2023-08-21,16.3,19.0
2023-08-22,18.3,0.0
2023-08-23,15.7,6.0
2023-08-24,16.4,0.0
2023-08-25,16.7,2.3
2023-08-26,15.0,4.1
2023-08-27,17.0,0.8
2023-08-28,16.6,0.0
2023-08-29,14.0,5.4
2023-08-30,15.8,0.0
2023-08-31,16.1,0.1
2023-09-01,14.8,0.0
2023-09-02,13.5,19.2
2023-09-03,13.3,0.2
2023-09-04,13.9,0.0
2023-09-05,18.3,0.0
2023-09-06,18.3,0.0
2023-09-07,13.7,0.0
2023-09-08,16.5,0.0
2023-09-09,17.4,0.1
2023-09-10,18.0,0.0
2023-09-11,19.1,0.1
2023-09-12,15.6,0.0
2023-09-13,18.4,0.2
2023-09-14,14.3,0.3
2023-09-15,10.9,0.0
2023-09-16,13.6,0.1
2023-09-17,15.8,2.3
2023-09-18,10.8,0.0
2023-09-19,10.5,0.6
2023-09-20,15.5,10.9
2023-09-21,14.5,0.2
2023-09-22,18.6,0.0
2023-09-23,17.9,0.0
2023-09-24,14.6,1.2
2023-09-25,13.1,0.0
2023-09-26,13.4,0.0
2023-09-27,14.4,0.1
2023-09-28,15.4,0.2
2023-09-29,14.4,0.1
2023-09-30,15.8,3.3
2023-10-01,13.4,0.0
2023-10-02,10.9,0.1
2023-10-03,12.1,0.7
2023-10-04,11.0,3.8
2023-10-05,10.6,0.0
2023-10-06,5.3,0.0
2023-10-07,8.1,5.3
2023-10-08,6.3,0.0
2023-10-09,5.6,0.0
2023-10-10,4.2,0.0
2023-10-11,6.0,2.0
2023-10-12,13.4,0.7
2023-10-13,9.6,0.0
2023-10-14,6.6,12.7
2023-10-15,9.0,1.4
2023-10-16,6.6,0.0
2023-10-17,4.2,0.0
2023-10-18,6.0,2.0
2023-10-19,5.1,0.3
2023-10-20,1.0,0.7
2023-10-21,2.3,0.1
2023-10-22,3.8,2.1
2023-10-23,5.2,0.0
2023-10-24,5.2,0.0
2023-10-25,3.4,0.0
2023-10-26,2.5,0.2
2023-10-27,2.9,0.0
2023-10-28,2.8,0.0
2023-10-29,1.3,0.0
2023-10-30,1.4,0.0
2023-10-31,2.4,23.6
